"First Name","Last Name","Email","Phone","id_number"
"Byron","Hamilton","b.hamilton@randatmail.com","564-0212-81","555209698"
"Derek","Reed","d.reed@randatmail.com","489-9205-36","558045323"
"Connie","Gray","c.gray@randatmail.com","591-2891-96","113675691"
"Ashton","Farrell","a.farrell@randatmail.com","525-3340-47","280929434"
"Adam","Dixon","a.dixon@randatmail.com","582-6796-30","315311999"
"Alexander","Richards","a.richards@randatmail.com","079-2147-48","754046659"
"Connie","Dixon","c.dixon@randatmail.com","965-6145-80","385735815"
"Alfred","Harrison","a.harrison@randatmail.com","348-9807-72","266183865"
"Jack","Reed","j.reed@randatmail.com","607-9081-23","525654539"
"Roman","Fowler","r.fowler@randatmail.com","087-1424-22","571682763"
"Miley","Harper","m.harper@randatmail.com","997-7065-24","816423485"
"Connie","Armstrong","c.armstrong@randatmail.com","811-1962-16","659948512"
"Alfred","Myers","a.myers@randatmail.com","174-7877-45","882688579"
"Alexander","Barnes","a.barnes@randatmail.com","142-3130-78","167182898"
"Kate","Rogers","k.rogers@randatmail.com","614-8954-46","849495903"
"Byron","Spencer","b.spencer@randatmail.com","916-9750-68","658670898"
"Hailey","Barnes","h.barnes@randatmail.com","399-9409-29","265484983"
"Brad","Foster","b.foster@randatmail.com","202-2890-27","431819432"
"Alberta","Barrett","a.barrett@randatmail.com","925-8967-18","906597180"
"Honey","Owens","h.owens@randatmail.com","162-9842-33","511210140"
"Aldus","Harris","a.harris@randatmail.com","387-9818-03","762821222"
"George","Dixon","g.dixon@randatmail.com","633-7938-23","567578895"
"Oliver","Walker","o.walker@randatmail.com","800-9683-02","818442157"
"Chloe","Murphy","c.murphy@randatmail.com","256-1108-33","658409468"
"Carlos","Harper","c.harper@randatmail.com","045-7253-22","649938122"
"Lyndon","Myers","l.myers@randatmail.com","515-6417-20","676827360"
"Lyndon","Hunt","l.hunt@randatmail.com","199-0416-14","278555628"
"Lilianna","Hunt","l.hunt@randatmail.com","498-2443-43","792790235"
"Preston","Casey","p.casey@randatmail.com","778-1694-33","832953566"
"Stella","Johnson","s.johnson@randatmail.com","965-3320-31","933468583"
"Brianna","Andrews","b.andrews@randatmail.com","296-7196-29","847676431"
"Aldus","Stewart","a.stewart@randatmail.com","332-3532-09","957347904"
"Tiana","Turner","t.turner@randatmail.com","565-1535-05","365321627"
"Brad","Martin","b.martin@randatmail.com","586-4096-17","815733814"
"Alexia","Adams","a.adams@randatmail.com","920-4556-89","133676329"
"Tyler","Wilson","t.wilson@randatmail.com","149-9710-53","580565401"
"Tess","Murray","t.murray@randatmail.com","353-1707-57","262980604"
"Lucy","Bennett","l.bennett@randatmail.com","498-6692-82","644532999"
"Melissa","Reed","m.reed@randatmail.com","933-4474-99","269453862"
"James","Lloyd","j.lloyd@randatmail.com","263-4133-32","468988729"
"Miller","Bailey","m.bailey@randatmail.com","579-7094-04","919927030"
"Lenny","Higgins","l.higgins@randatmail.com","876-0423-39","349709642"
"Leonardo","Owens","l.owens@randatmail.com","966-6081-55","840510045"
"Amy","Foster","a.foster@randatmail.com","025-1948-96","188908836"
"Frederick","Hill","f.hill@randatmail.com","196-1151-41","779049983"
"Violet","Mason","v.mason@randatmail.com","091-2647-38","881690977"
"Belinda","Harris","b.harris@randatmail.com","628-6184-55","426545935"
"Kirsten","Morris","k.morris@randatmail.com","207-1173-22","498190983"
"Savana","Scott","s.scott@randatmail.com","030-0504-67","453509297"
"Maya","Moore","m.moore@randatmail.com","023-3143-08","348388375"
"Vivian","Turner","v.turner@randatmail.com","347-8934-79","318648142"
"Paige","Rogers","p.rogers@randatmail.com","391-7694-83","073229240"
"Spike","Hill","s.hill@randatmail.com","789-7362-44","255207858"
"William","Mason","w.mason@randatmail.com","340-7622-64","513064110"
"Marcus","Parker","m.parker@randatmail.com","301-9583-75","282452202"
"Sophia","Richardson","s.richardson@randatmail.com","717-0497-02","989580914"
"Maya","Thompson","m.thompson@randatmail.com","104-6783-64","538980691"
"Mike","Bennett","m.bennett@randatmail.com","663-8857-75","502222399"
"Grace","Phillips","g.phillips@randatmail.com","890-9162-80","695695701"
"Daryl","Ryan","d.ryan@randatmail.com","565-9393-12","136129165"
"Daniel","Barnes","d.barnes@randatmail.com","653-2870-01","668492646"
"Samantha","Ross","s.ross@randatmail.com","451-6789-78","533375747"
"Charlie","Kelley","c.kelley@randatmail.com","291-4684-52","456661444"
"Arnold","Baker","a.baker@randatmail.com","739-8089-28","876865528"
"Samantha","Ellis","s.ellis@randatmail.com","382-1102-24","926094851"
"Paige","Ryan","p.ryan@randatmail.com","140-8277-29","132688055"
"Jasmine","Kelley","j.kelley@randatmail.com","163-9327-97","571046965"
"Tara","Baker","t.baker@randatmail.com","804-5959-85","190739341"
"Tess","Montgomery","t.montgomery@randatmail.com","563-4864-77","537010626"
"Derek","Harrison","d.harrison@randatmail.com","372-0519-71","800288696"
"Charlie","Adams","c.adams@randatmail.com","496-7055-99","413565732"
"Tyler","Howard","t.howard@randatmail.com","512-1567-67","212441684"
"Michael","Richards","m.richards@randatmail.com","299-4479-14","414310850"
"Charlotte","Kelly","c.kelly@randatmail.com","822-1872-95","118425013"
"Lily","Armstrong","l.armstrong@randatmail.com","106-5695-06","293676428"
"Miller","Carroll","m.carroll@randatmail.com","350-7099-89","448321011"
"John","Elliott","j.elliott@randatmail.com","643-8731-82","390873767"
"Penelope","Allen","p.allen@randatmail.com","614-6777-42","684833333"
"Tony","Evans","t.evans@randatmail.com","471-2410-90","668599677"
"Patrick","Campbell","p.campbell@randatmail.com","245-6135-96","763827723"
"Lucas","Hall","l.hall@randatmail.com","957-1095-66","919688316"
"Agata","Crawford","a.crawford@randatmail.com","957-6225-82","742858738"
"Lyndon","Ferguson","l.ferguson@randatmail.com","636-9219-27","624684545"
"Vanessa","Henderson","v.henderson@randatmail.com","783-7439-45","014803383"
"Eric","Montgomery","e.montgomery@randatmail.com","739-8508-02","070980666"
"Wilson","Gray","w.gray@randatmail.com","806-2009-73","569150732"
"Maria","Mitchell","m.mitchell@randatmail.com","700-8440-61","921678975"
"Miller","Nelson","m.nelson@randatmail.com","527-4584-28","696740306"
"Roland","Wells","r.wells@randatmail.com","950-9300-53","735784561"
"Frederick","Campbell","f.campbell@randatmail.com","859-1750-14","493086851"
"Naomi","Bennett","n.bennett@randatmail.com","820-1327-25","841802527"
"Ryan","Davis","r.davis@randatmail.com","487-0903-87","873626611"
"Violet","Ross","v.ross@randatmail.com","311-7266-79","320525192"
"Maximilian","Hall","m.hall@randatmail.com","582-5101-54","040933093"
"Cadie","Harper","c.harper@randatmail.com","041-2498-39","913455656"
"Melissa","Armstrong","m.armstrong@randatmail.com","069-0559-59","688052103"
"Abraham","Cameron","a.cameron@randatmail.com","807-7561-43","438923063"
"Anna","Richards","a.richards@randatmail.com","418-2833-89","260357672"
"Tyler","Johnston","t.johnston@randatmail.com","707-2334-82","488888269"
"Paige","Farrell","p.farrell@randatmail.com","238-0928-00","860842489"
